id,name
int-hiking,Hiking & Outdoors
int-cycling,Cycling
int-photography,Photography
int-cooking,Cooking
int-travel,Travel
int-gaming,Gaming
int-music,Music
int-running,Running
int-yoga,Yoga & Meditation
int-startups,Startups & Entrepreneurship
int-investing,Investing & Finance
int-scitech,Science & Technology
int-volunteering,Volunteering
int-writing,Writing & Blogging
int-reading,Reading
int-sports,Team Sports
int-parenting,Parenting
int-craft,Crafts & DIY
int-podcast,Podcasting
int-sustainability,Sustainability
