id,name,email,status,start_date,level,ladder_level,location_id,timezone,languages,tenure_months,employment_type,discoverable,networking_opt_in,work_style,bio
person-0266,Kimberly Gibson,kimberly-gibson-0266@northstar-consulting.com,active,2024-11-16,Analyst,Analyst,loc-fra,Europe/Berlin,en,18,full_time,True,True,hybrid,
person-0267,Colin Terry,colin-terry-0267@northstar-consulting.com,active,2024-02-14,Analyst,Analyst,loc-sgp,Asia/Singapore,en,27,full_time,True,True,hybrid,
person-0268,Cynthia Rowe,cynthia-rowe-0268@northstar-consulting.com,active,2022-04-19,Analyst,Analyst,loc-van,America/Vancouver,en,50,full_time,True,True,office,
person-0269,Patrick Thornton,patrick-thornton-0269@northstar-consulting.com,active,2025-06-10,Analyst,Analyst,loc-syd,Australia/Sydney,en,11,full_time,False,True,hybrid,
person-0270,Jasmin Alvarado,jasmin-alvarado-0270@northstar-consulting.com,active,2024-04-19,Analyst,Analyst,loc-syd,Australia/Sydney,en,25,full_time,True,True,hybrid,
person-0271,Veronica Simpson,veronica-simpson-0271@northstar-consulting.com,active,2022-03-15,Analyst,Analyst,loc-lon,Europe/London,en,51,full_time,True,True,office,
person-0272,Jonathan Lawrence,jonathan-lawrence-0272@northstar-consulting.com,active,2022-04-23,Analyst,Analyst,loc-lon,Europe/London,en,49,full_time,False,True,remote,
person-0273,Shelly Alexander,shelly-alexander-0273@northstar-consulting.com,active,2024-04-19,Analyst,Analyst,loc-dub,Asia/Dubai,en,25,full_time,False,True,remote,
person-0274,Joyce Bowen,joyce-bowen-0274@northstar-consulting.com,active,2022-10-06,Analyst,Analyst,loc-dub,Asia/Dubai,en,44,full_time,True,True,hybrid,
person-0275,Matthew Moore,matthew-moore-0275@northstar-consulting.com,active,2023-01-06,Analyst,Analyst,loc-dub,Asia/Dubai,en,41,full_time,True,True,hybrid,
person-0276,Wayne Morgan,wayne-morgan-0276@northstar-consulting.com,active,2025-09-11,Analyst,Analyst,loc-syd,Australia/Sydney,en,8,full_time,True,True,office,
person-0277,Marie Christian,marie-christian-0277@northstar-consulting.com,active,2024-07-07,Analyst,Analyst,loc-syd,Australia/Sydney,en,23,full_time,True,True,office,
person-0278,Shannon James,shannon-james-0278@northstar-consulting.com,active,2022-02-18,Analyst,Analyst,loc-tor,America/Toronto,en,52,contractor,True,True,hybrid,
person-0279,Nathan Malone,nathan-malone-0279@northstar-consulting.com,active,2025-08-24,Analyst,Analyst,loc-syd,Australia/Sydney,en,9,full_time,True,True,remote,
person-0280,Amanda Jones,amanda-jones-0280@northstar-consulting.com,active,2022-03-07,Analyst,Analyst,loc-van,America/Vancouver,en,51,full_time,True,True,remote,
person-0281,Tammie Bright,tammie-bright-0281@northstar-consulting.com,active,2023-04-02,Analyst,Analyst,loc-nyc,America/New_York,en,38,contractor,True,True,office,
person-0282,Jessica Garcia,jessica-garcia-0282@northstar-consulting.com,active,2024-09-27,Analyst,Analyst,loc-sgp,Asia/Singapore,en,20,full_time,True,True,office,
person-0283,Shelia Wallace,shelia-wallace-0283@northstar-consulting.com,active,2024-01-28,Analyst,Analyst,loc-sgp,Asia/Singapore,en,28,full_time,True,True,hybrid,
person-0284,Stephanie Williams,stephanie-williams-0284@northstar-consulting.com,active,2025-11-17,Analyst,Analyst,loc-sgp,Asia/Singapore,en,6,full_time,False,True,office,
person-0285,Elaine Brooks,elaine-brooks-0285@northstar-consulting.com,active,2025-02-01,Analyst,Analyst,loc-sgp,Asia/Singapore,en,16,full_time,True,True,office,
person-0286,Joseph Knight,joseph-knight-0286@northstar-consulting.com,active,2022-05-15,Analyst,Analyst,loc-dub,Asia/Dubai,en,49,full_time,True,True,hybrid,
person-0287,Carolyn Miller,carolyn-miller-0287@northstar-consulting.com,active,2021-08-03,Analyst,Analyst,loc-lon,Europe/London,en,58,full_time,True,True,hybrid,
person-0288,Lisa Allen,lisa-allen-0288@northstar-consulting.com,active,2022-04-06,Analyst,Analyst,loc-fra,Europe/Berlin,en,50,full_time,True,True,office,
person-0289,Briana Murray,briana-murray-0289@northstar-consulting.com,active,2025-05-15,Analyst,Analyst,loc-van,America/Vancouver,en,12,full_time,True,True,office,
person-0290,David Smith,david-smith-0290@northstar-consulting.com,active,2023-03-04,Analyst,Analyst,loc-fra,Europe/Berlin,en,39,contractor,True,True,office,
person-0291,Stephanie Byrd,stephanie-byrd-0291@northstar-consulting.com,active,2024-10-31,Analyst,Analyst,loc-sgp,Asia/Singapore,en,19,full_time,False,True,hybrid,
person-0292,Jeremy Reed,jeremy-reed-0292@northstar-consulting.com,active,2025-09-26,Analyst,Analyst,loc-sgp,Asia/Singapore,en,8,full_time,True,True,hybrid,
person-0293,Margaret Coleman,margaret-coleman-0293@northstar-consulting.com,active,2024-07-21,Analyst,Analyst,loc-syd,Australia/Sydney,en,22,contractor,True,True,remote,
person-0294,Ryan Gonzalez,ryan-gonzalez-0294@northstar-consulting.com,active,2023-08-17,Analyst,Analyst,loc-fra,Europe/Berlin,en,33,full_time,False,False,hybrid,
person-0295,John Young,john-young-0295@northstar-consulting.com,active,2025-06-01,Analyst,Analyst,loc-sgp,Asia/Singapore,en,12,full_time,False,True,office,
person-0296,Laura Haney,laura-haney-0296@northstar-consulting.com,active,2022-07-18,Analyst,Analyst,loc-lon,Europe/London,en,47,full_time,True,True,hybrid,
person-0297,William Barrett,william-barrett-0297@northstar-consulting.com,active,2024-11-11,Analyst,Analyst,loc-tor,America/Toronto,en,18,full_time,True,True,office,
person-0298,Keith Jennings,keith-jennings-0298@northstar-consulting.com,active,2021-09-15,Analyst,Analyst,loc-lon,Europe/London,en,57,full_time,True,True,office,
person-0299,Amber Obrien,amber-obrien-0299@northstar-consulting.com,active,2024-07-01,Analyst,Analyst,loc-van,America/Vancouver,en,23,contractor,True,True,hybrid,
person-0300,Tanner Mitchell DDS,tanner-mitchell-dds-0300@northstar-consulting.com,active,2025-08-26,Analyst,Analyst,loc-lon,Europe/London,en,9,contractor,True,True,remote,
person-0301,Heather Fields,heather-fields-0301@northstar-consulting.com,active,2024-05-30,Analyst,Analyst,loc-lon,Europe/London,en,24,full_time,False,True,remote,
person-0302,Megan Le,megan-le-0302@northstar-consulting.com,active,2021-08-13,Analyst,Analyst,loc-nyc,America/New_York,en,58,contractor,True,True,office,
person-0303,Sara Fuller,sara-fuller-0303@northstar-consulting.com,active,2021-06-18,Analyst,Analyst,loc-van,America/Vancouver,en,60,full_time,True,False,hybrid,
person-0304,Maria Parker,maria-parker-0304@northstar-consulting.com,active,2025-01-03,Analyst,Analyst,loc-dub,Asia/Dubai,en,17,full_time,True,False,office,
person-0305,Kevin Oconnor,kevin-oconnor-0305@northstar-consulting.com,active,2022-06-29,Analyst,Analyst,loc-sgp,Asia/Singapore,en,47,full_time,True,True,office,
person-0306,Edward Burgess,edward-burgess-0306@northstar-consulting.com,active,2021-06-28,Analyst,Analyst,loc-nyc,America/New_York,en,59,full_time,True,True,remote,
person-0307,Carlos Ryan,carlos-ryan-0307@northstar-consulting.com,active,2026-01-18,Analyst,Analyst,loc-fra,Europe/Berlin,en,4,full_time,True,True,remote,
person-0308,Kiara Mcintyre,kiara-mcintyre-0308@northstar-consulting.com,active,2024-02-02,Analyst,Analyst,loc-nyc,America/New_York,en,28,full_time,True,True,remote,
person-0309,Dawn Summers,dawn-summers-0309@northstar-consulting.com,active,2023-04-06,Analyst,Analyst,loc-sgp,Asia/Singapore,en,38,full_time,True,True,office,
person-0310,Dr. Paul Morgan,dr-paul-morgan-0310@northstar-consulting.com,active,2021-10-05,Analyst,Analyst,loc-lon,Europe/London,en,56,full_time,True,True,office,
person-0311,Victor Taylor,victor-taylor-0311@northstar-consulting.com,active,2025-04-13,Analyst,Analyst,loc-sgp,Asia/Singapore,en,13,full_time,False,True,office,
person-0312,Shannon Ramsey,shannon-ramsey-0312@northstar-consulting.com,active,2022-02-28,Analyst,Analyst,loc-lon,Europe/London,en,51,full_time,True,False,hybrid,
person-0313,Tracy Ballard,tracy-ballard-0313@northstar-consulting.com,active,2025-08-29,Analyst,Analyst,loc-dub,Asia/Dubai,en,9,full_time,True,True,remote,
person-0314,Richard Smith,richard-smith-0314@northstar-consulting.com,active,2024-05-11,Analyst,Analyst,loc-tor,America/Toronto,en,24,full_time,True,True,office,
person-0315,Jordan Chambers,jordan-chambers-0315@northstar-consulting.com,active,2026-01-22,Analyst,Analyst,loc-van,America/Vancouver,en,4,full_time,True,True,remote,
person-0316,Lauren Carson,lauren-carson-0316@northstar-consulting.com,active,2024-04-30,Analyst,Analyst,loc-syd,Australia/Sydney,en,25,full_time,True,True,hybrid,
person-0317,Ashley Hall,ashley-hall-0317@northstar-consulting.com,active,2025-12-12,Analyst,Analyst,loc-dub,Asia/Dubai,en,5,full_time,True,True,office,
person-0318,Stephen Hoffman,stephen-hoffman-0318@northstar-consulting.com,active,2025-03-08,Analyst,Analyst,loc-dub,Asia/Dubai,en,14,full_time,True,True,remote,
person-0319,Connie Brown,connie-brown-0319@northstar-consulting.com,active,2021-08-31,Analyst,Analyst,loc-tor,America/Toronto,en,57,full_time,True,True,remote,
person-0320,Susan Turner,susan-turner-0320@northstar-consulting.com,active,2021-08-03,Analyst,Analyst,loc-dub,Asia/Dubai,en,58,full_time,True,True,office,
person-0321,Charles Shah,charles-shah-0321@northstar-consulting.com,active,2023-07-06,Analyst,Analyst,loc-fra,Europe/Berlin,en,35,contractor,True,False,hybrid,
person-0322,Johnathan Davis,johnathan-davis-0322@northstar-consulting.com,active,2025-03-29,Analyst,Analyst,loc-tor,America/Toronto,en,14,contractor,False,True,hybrid,
person-0323,Brandy Chavez,brandy-chavez-0323@northstar-consulting.com,active,2024-06-04,Analyst,Analyst,loc-nyc,America/New_York,en,24,full_time,True,False,remote,
person-0324,Natalie Bautista,natalie-bautista-0324@northstar-consulting.com,active,2024-01-04,Analyst,Analyst,loc-sgp,Asia/Singapore,en,29,full_time,True,True,remote,
person-0325,Patrick Moore,patrick-moore-0325@northstar-consulting.com,active,2023-05-09,Analyst,Analyst,loc-dub,Asia/Dubai,en,37,full_time,True,False,remote,
person-0326,Brett Burns,brett-burns-0326@northstar-consulting.com,active,2024-11-10,Analyst,Analyst,loc-fra,Europe/Berlin,en,18,full_time,False,True,remote,
person-0327,Trevor Johnson,trevor-johnson-0327@northstar-consulting.com,active,2024-09-28,Analyst,Analyst,loc-tor,America/Toronto,en,20,full_time,True,True,remote,
person-0328,Jeremy Sampson,jeremy-sampson-0328@northstar-consulting.com,active,2023-09-01,Analyst,Analyst,loc-van,America/Vancouver,en,33,full_time,True,True,remote,
person-0329,Ariana Jennings,ariana-jennings-0329@northstar-consulting.com,active,2022-09-22,Analyst,Analyst,loc-sgp,Asia/Singapore,en,44,full_time,True,True,office,
person-0330,Vanessa Howard,vanessa-howard-0330@northstar-consulting.com,active,2022-09-28,Analyst,Analyst,loc-syd,Australia/Sydney,en,44,full_time,True,True,remote,
person-0331,Colton Martinez,colton-martinez-0331@northstar-consulting.com,active,2022-12-15,Analyst,Analyst,loc-sgp,Asia/Singapore,en,42,full_time,False,False,remote,
person-0332,Jordan Bates,jordan-bates-0332@northstar-consulting.com,active,2024-07-12,Analyst,Analyst,loc-fra,Europe/Berlin,en,22,full_time,False,False,office,
person-0333,Linda Smith,linda-smith-0333@northstar-consulting.com,active,2025-04-26,Analyst,Analyst,loc-syd,Australia/Sydney,en,13,full_time,True,True,office,
person-0334,Dana Martinez,dana-martinez-0334@northstar-consulting.com,active,2022-09-04,Analyst,Analyst,loc-lon,Europe/London,en,45,full_time,True,False,remote,
person-0335,Andrea Hubbard,andrea-hubbard-0335@northstar-consulting.com,active,2023-10-01,Analyst,Analyst,loc-fra,Europe/Berlin,en,32,full_time,True,True,remote,
person-0336,Daniel Kane,daniel-kane-0336@northstar-consulting.com,active,2023-12-08,Analyst,Analyst,loc-tor,America/Toronto,en,30,full_time,True,True,remote,
person-0337,Charles Lester,charles-lester-0337@northstar-consulting.com,active,2023-07-12,Analyst,Analyst,loc-sgp,Asia/Singapore,en,35,full_time,True,False,remote,
person-0338,Scott Thomas,scott-thomas-0338@northstar-consulting.com,active,2024-02-06,Analyst,Analyst,loc-lon,Europe/London,en,28,full_time,False,True,remote,
person-0339,David Thompson,david-thompson-0339@northstar-consulting.com,active,2025-07-27,Analyst,Analyst,loc-lon,Europe/London,en,10,full_time,False,True,remote,
person-0340,Allison Smith,allison-smith-0340@northstar-consulting.com,active,2023-08-21,Analyst,Analyst,loc-lon,Europe/London,en,33,contractor,True,True,hybrid,
person-0341,Cynthia Morris,cynthia-morris-0341@northstar-consulting.com,active,2023-02-21,Analyst,Analyst,loc-syd,Australia/Sydney,en,39,full_time,True,True,remote,
person-0342,Anthony Harmon,anthony-harmon-0342@northstar-consulting.com,active,2025-09-06,Analyst,Analyst,loc-dub,Asia/Dubai,en,8,full_time,False,True,hybrid,
person-0343,Nichole Alvarez,nichole-alvarez-0343@northstar-consulting.com,active,2025-07-27,Analyst,Analyst,loc-lon,Europe/London,en,10,full_time,True,False,office,
person-0344,Kayla Rodriguez,kayla-rodriguez-0344@northstar-consulting.com,active,2023-01-25,Analyst,Analyst,loc-fra,Europe/Berlin,en,40,full_time,True,True,remote,
person-0345,Theresa Williams,theresa-williams-0345@northstar-consulting.com,active,2022-11-09,Analyst,Analyst,loc-syd,Australia/Sydney,en,43,full_time,True,True,office,
person-0346,Sharon Boyd,sharon-boyd-0346@northstar-consulting.com,active,2022-05-10,Analyst,Analyst,loc-dub,Asia/Dubai,en,49,full_time,True,True,office,
person-0347,Victor Brown,victor-brown-0347@northstar-consulting.com,active,2024-06-14,Analyst,Analyst,loc-nyc,America/New_York,en,23,contractor,False,True,remote,
person-0348,James Parks,james-parks-0348@northstar-consulting.com,active,2025-09-12,Analyst,Analyst,loc-van,America/Vancouver,en,8,full_time,True,True,remote,
person-0349,Theodore Jones Jr.,theodore-jones-jr-0349@northstar-consulting.com,active,2021-06-18,Analyst,Analyst,loc-nyc,America/New_York,en,60,full_time,True,True,office,
person-0350,Ana Hill,ana-hill-0350@northstar-consulting.com,active,2025-02-09,Analyst,Analyst,loc-dub,Asia/Dubai,en,15,full_time,True,True,remote,
person-0351,Kimberly Nguyen,kimberly-nguyen-0351@northstar-consulting.com,active,2024-06-01,Analyst,Analyst,loc-sgp,Asia/Singapore,en,24,contractor,True,False,office,
person-0352,Kerry Chavez DDS,kerry-chavez-dds-0352@northstar-consulting.com,active,2022-01-05,Analyst,Analyst,loc-nyc,America/New_York,en,53,contractor,True,True,office,
person-0353,Michael Farrell,michael-farrell-0353@northstar-consulting.com,active,2025-12-25,Analyst,Analyst,loc-sgp,Asia/Singapore,en,5,full_time,True,True,hybrid,
person-0354,Patricia Le,patricia-le-0354@northstar-consulting.com,active,2025-04-27,Analyst,Analyst,loc-lon,Europe/London,en,13,full_time,True,False,office,
person-0355,Jesse Perez,jesse-perez-0355@northstar-consulting.com,active,2021-12-08,Analyst,Analyst,loc-van,America/Vancouver,en,54,full_time,True,True,office,
person-0356,Jesse Perry,jesse-perry-0356@northstar-consulting.com,active,2021-11-16,Analyst,Analyst,loc-nyc,America/New_York,en,55,full_time,True,True,office,
person-0357,Jeffery Ortega,jeffery-ortega-0357@northstar-consulting.com,active,2022-09-13,Analyst,Analyst,loc-van,America/Vancouver,en,45,full_time,False,False,hybrid,
person-0358,Christian Leblanc,christian-leblanc-0358@northstar-consulting.com,active,2021-10-30,Analyst,Analyst,loc-van,America/Vancouver,en,55,full_time,True,True,office,
person-0359,Ronald Davis,ronald-davis-0359@northstar-consulting.com,active,2023-03-06,Analyst,Analyst,loc-nyc,America/New_York,en,39,full_time,True,True,office,
person-0360,Parker Cain,parker-cain-0360@northstar-consulting.com,active,2023-02-02,Analyst,Analyst,loc-tor,America/Toronto,en,40,full_time,True,False,hybrid,
person-0361,Laurie Hoffman,laurie-hoffman-0361@northstar-consulting.com,active,2023-07-26,Analyst,Analyst,loc-syd,Australia/Sydney,en,34,full_time,True,False,office,
person-0362,Bryan Gomez,bryan-gomez-0362@northstar-consulting.com,active,2021-09-17,Analyst,Analyst,loc-syd,Australia/Sydney,en,57,full_time,True,True,office,
person-0363,Nicole Parrish,nicole-parrish-0363@northstar-consulting.com,active,2025-10-01,Analyst,Analyst,loc-fra,Europe/Berlin,en,8,full_time,True,True,hybrid,
person-0364,Tracy Burke,tracy-burke-0364@northstar-consulting.com,active,2023-05-29,Analyst,Analyst,loc-lon,Europe/London,en,36,full_time,True,True,office,
person-0365,Kenneth Lewis,kenneth-lewis-0365@northstar-consulting.com,active,2021-11-22,Analyst,Analyst,loc-fra,Europe/Berlin,en,55,full_time,True,True,remote,
person-0366,Courtney Rodriguez,courtney-rodriguez-0366@northstar-consulting.com,active,2022-04-11,Analyst,Analyst,loc-sgp,Asia/Singapore,en,50,full_time,True,True,hybrid,
person-0367,Holly Farmer,holly-farmer-0367@northstar-consulting.com,active,2022-01-04,Analyst,Analyst,loc-syd,Australia/Sydney,en,53,full_time,False,True,hybrid,
person-0368,Renee Bruce,renee-bruce-0368@northstar-consulting.com,active,2021-11-25,Analyst,Analyst,loc-nyc,America/New_York,en,54,full_time,True,True,hybrid,
person-0369,Sabrina Austin,sabrina-austin-0369@northstar-consulting.com,active,2021-11-30,Analyst,Analyst,loc-van,America/Vancouver,en,54,full_time,True,True,hybrid,
person-0156,Joshua Perry,joshua-perry-0156@northstar-consulting.com,active,2025-12-03,Consultant,Consultant,loc-syd,Australia/Sydney,en,5,full_time,False,True,remote,
person-0157,Jason Stein,jason-stein-0157@northstar-consulting.com,active,2021-12-01,Consultant,Consultant,loc-syd,Australia/Sydney,en,54,full_time,True,True,hybrid,
person-0158,Melissa Gates,melissa-gates-0158@northstar-consulting.com,active,2024-09-09,Consultant,Consultant,loc-sgp,Asia/Singapore,en,20,full_time,True,True,office,
person-0159,Jamie Smith,jamie-smith-0159@northstar-consulting.com,active,2021-07-21,Consultant,Consultant,loc-dub,Asia/Dubai,en,59,full_time,False,True,office,
person-0160,Paul Castaneda,paul-castaneda-0160@northstar-consulting.com,active,2024-12-22,Consultant,Consultant,loc-tor,America/Toronto,en,17,full_time,False,True,hybrid,
person-0161,Jennifer Adkins,jennifer-adkins-0161@northstar-consulting.com,active,2021-08-31,Consultant,Consultant,loc-nyc,America/New_York,en,57,contractor,True,True,remote,
person-0162,Lindsey Walker,lindsey-walker-0162@northstar-consulting.com,active,2023-08-04,Consultant,Consultant,loc-nyc,America/New_York,en,34,full_time,True,True,office,
person-0163,Jeffrey Johnson,jeffrey-johnson-0163@northstar-consulting.com,active,2023-09-27,Consultant,Consultant,loc-nyc,America/New_York,en,32,full_time,True,True,hybrid,
person-0164,Michael Powell,michael-powell-0164@northstar-consulting.com,active,2022-08-18,Consultant,Consultant,loc-syd,Australia/Sydney,en,46,full_time,False,False,remote,
person-0165,John Anderson,john-anderson-0165@northstar-consulting.com,active,2021-10-02,Consultant,Consultant,loc-syd,Australia/Sydney,en,56,full_time,True,True,hybrid,
person-0166,Alyssa Long,alyssa-long-0166@northstar-consulting.com,active,2025-01-04,Consultant,Consultant,loc-lon,Europe/London,en,17,full_time,False,True,hybrid,
person-0167,Alyssa Day,alyssa-day-0167@northstar-consulting.com,active,2025-10-28,Consultant,Consultant,loc-nyc,America/New_York,en,7,full_time,True,True,remote,
person-0168,Joel Williams,joel-williams-0168@northstar-consulting.com,active,2025-12-21,Consultant,Consultant,loc-lon,Europe/London,en,5,full_time,True,True,office,
person-0169,Daniel Murphy,daniel-murphy-0169@northstar-consulting.com,active,2022-03-23,Consultant,Consultant,loc-sgp,Asia/Singapore,en,50,contractor,True,True,remote,
person-0170,Jamie Walton,jamie-walton-0170@northstar-consulting.com,active,2021-06-30,Consultant,Consultant,loc-nyc,America/New_York,en,59,full_time,True,True,remote,
person-0171,Darlene Miller,darlene-miller-0171@northstar-consulting.com,active,2021-09-15,Consultant,Consultant,loc-sgp,Asia/Singapore,en,57,full_time,True,True,remote,
person-0172,Joshua Cooke,joshua-cooke-0172@northstar-consulting.com,active,2025-10-10,Consultant,Consultant,loc-dub,Asia/Dubai,en,7,full_time,True,True,remote,
person-0173,Matthew Harrington,matthew-harrington-0173@northstar-consulting.com,active,2025-06-28,Consultant,Consultant,loc-van,America/Vancouver,en,11,full_time,False,True,hybrid,
person-0174,Nicole Herring,nicole-herring-0174@northstar-consulting.com,active,2024-02-05,Consultant,Consultant,loc-van,America/Vancouver,en,28,full_time,True,True,office,
person-0175,Alex Hernandez,alex-hernandez-0175@northstar-consulting.com,active,2021-11-12,Consultant,Consultant,loc-tor,America/Toronto,en,55,full_time,True,True,office,
person-0176,Michael Elliott,michael-elliott-0176@northstar-consulting.com,active,2023-07-20,Consultant,Consultant,loc-syd,Australia/Sydney,en,34,contractor,True,True,office,
person-0177,Michael Wang,michael-wang-0177@northstar-consulting.com,active,2025-11-10,Consultant,Consultant,loc-tor,America/Toronto,en,6,full_time,False,True,office,
person-0178,Lawrence Adkins,lawrence-adkins-0178@northstar-consulting.com,active,2023-12-11,Consultant,Consultant,loc-fra,Europe/Berlin,en,30,full_time,True,False,hybrid,
person-0179,Robert Oconnell,robert-oconnell-0179@northstar-consulting.com,active,2023-03-02,Consultant,Consultant,loc-tor,America/Toronto,en,39,full_time,True,True,remote,
person-0180,Alexander Collins,alexander-collins-0180@northstar-consulting.com,active,2021-12-03,Consultant,Consultant,loc-tor,America/Toronto,en,54,full_time,True,True,office,
person-0181,Tina Sanders,tina-sanders-0181@northstar-consulting.com,active,2024-07-13,Consultant,Consultant,loc-nyc,America/New_York,en,22,full_time,False,True,office,
person-0182,Angela Vaughn,angela-vaughn-0182@northstar-consulting.com,active,2023-05-25,Consultant,Consultant,loc-fra,Europe/Berlin,en,36,full_time,False,True,office,
person-0183,Ashley Barton,ashley-barton-0183@northstar-consulting.com,active,2024-10-11,Consultant,Consultant,loc-sgp,Asia/Singapore,en,19,full_time,True,True,remote,
person-0184,Lindsay Martinez,lindsay-martinez-0184@northstar-consulting.com,active,2026-03-01,Consultant,Consultant,loc-lon,Europe/London,en,3,full_time,True,True,hybrid,
person-0185,Dr. Hannah Patterson,dr-hannah-patterson-0185@northstar-consulting.com,active,2025-12-09,Consultant,Consultant,loc-lon,Europe/London,en,5,full_time,True,True,office,
person-0186,Jonathan Peterson,jonathan-peterson-0186@northstar-consulting.com,active,2024-10-29,Consultant,Consultant,loc-van,America/Vancouver,en,19,contractor,True,True,remote,
person-0187,Tom Rivera,tom-rivera-0187@northstar-consulting.com,active,2023-04-26,Consultant,Consultant,loc-sgp,Asia/Singapore,en,37,full_time,True,True,office,
person-0188,Madison Poole,madison-poole-0188@northstar-consulting.com,active,2022-03-17,Consultant,Consultant,loc-tor,America/Toronto,en,51,full_time,False,True,office,
person-0189,Jessica Gross,jessica-gross-0189@northstar-consulting.com,active,2023-10-07,Consultant,Consultant,loc-fra,Europe/Berlin,en,32,full_time,True,True,hybrid,
person-0190,Debra Morton,debra-morton-0190@northstar-consulting.com,active,2021-09-15,Consultant,Consultant,loc-tor,America/Toronto,en,57,full_time,True,True,remote,
person-0191,Karen Graham,karen-graham-0191@northstar-consulting.com,active,2025-02-14,Consultant,Consultant,loc-dub,Asia/Dubai,en,15,full_time,True,True,remote,
person-0192,Debra Christian,debra-christian-0192@northstar-consulting.com,active,2023-05-07,Consultant,Consultant,loc-tor,America/Toronto,en,37,full_time,True,True,hybrid,
person-0193,Angelica Keith,angelica-keith-0193@northstar-consulting.com,active,2021-09-01,Consultant,Consultant,loc-sgp,Asia/Singapore,en,57,full_time,False,True,remote,
person-0194,John Bishop,john-bishop-0194@northstar-consulting.com,active,2025-09-18,Consultant,Consultant,loc-lon,Europe/London,en,8,full_time,True,True,remote,
person-0195,Allen Rosales,allen-rosales-0195@northstar-consulting.com,active,2022-05-25,Consultant,Consultant,loc-fra,Europe/Berlin,en,48,full_time,True,True,office,
person-0196,Daniel Salinas,daniel-salinas-0196@northstar-consulting.com,active,2023-08-22,Consultant,Consultant,loc-tor,America/Toronto,en,33,full_time,True,True,remote,
person-0197,Sam Park,sam-park-0197@northstar-consulting.com,active,2024-08-17,Consultant,Consultant,loc-fra,Europe/Berlin,en,21,full_time,True,True,hybrid,
person-0198,Adam Vaughan,adam-vaughan-0198@northstar-consulting.com,active,2022-05-17,Consultant,Consultant,loc-syd,Australia/Sydney,en,49,full_time,True,False,hybrid,
person-0199,Nathan Freeman,nathan-freeman-0199@northstar-consulting.com,active,2026-02-23,Consultant,Consultant,loc-fra,Europe/Berlin,en,3,full_time,True,True,remote,
person-0200,Melissa Brewer,melissa-brewer-0200@northstar-consulting.com,active,2025-08-05,Consultant,Consultant,loc-sgp,Asia/Singapore,en,9,full_time,True,True,office,
person-0201,Ricky Davis II,ricky-davis-ii-0201@northstar-consulting.com,active,2025-10-06,Consultant,Consultant,loc-lon,Europe/London,en,7,full_time,True,False,remote,
person-0202,Elizabeth Perkins,elizabeth-perkins-0202@northstar-consulting.com,active,2022-03-26,Consultant,Consultant,loc-tor,America/Toronto,en,50,full_time,True,True,office,
person-0203,Joseph Coleman,joseph-coleman-0203@northstar-consulting.com,active,2025-09-29,Consultant,Consultant,loc-nyc,America/New_York,en,8,full_time,True,True,office,
person-0204,Erin Warner,erin-warner-0204@northstar-consulting.com,active,2024-12-05,Consultant,Consultant,loc-syd,Australia/Sydney,en,18,full_time,True,True,office,
person-0205,David Martinez,david-martinez-0205@northstar-consulting.com,active,2024-09-23,Consultant,Consultant,loc-sgp,Asia/Singapore,en,20,full_time,True,True,hybrid,
person-0206,Bryan Herrera,bryan-herrera-0206@northstar-consulting.com,active,2023-06-25,Consultant,Consultant,loc-van,America/Vancouver,en,35,full_time,True,False,remote,
person-0207,Cathy Robinson,cathy-robinson-0207@northstar-consulting.com,active,2024-01-03,Consultant,Consultant,loc-fra,Europe/Berlin,en,29,full_time,False,True,remote,
person-0208,Dr. William Warren,dr-william-warren-0208@northstar-consulting.com,active,2023-03-20,Consultant,Consultant,loc-lon,Europe/London,en,38,full_time,True,False,hybrid,
person-0209,Brian Lee,brian-lee-0209@northstar-consulting.com,active,2025-06-01,Consultant,Consultant,loc-syd,Australia/Sydney,en,12,full_time,True,True,office,
person-0210,Christopher Smith,christopher-smith-0210@northstar-consulting.com,active,2024-05-08,Consultant,Consultant,loc-dub,Asia/Dubai,en,25,full_time,True,True,hybrid,
person-0211,Denise Mccann,denise-mccann-0211@northstar-consulting.com,active,2025-10-03,Consultant,Consultant,loc-fra,Europe/Berlin,en,7,full_time,True,True,office,
person-0212,Melissa Martinez,melissa-martinez-0212@northstar-consulting.com,active,2023-04-06,Consultant,Consultant,loc-tor,America/Toronto,en,38,full_time,True,True,office,
person-0213,Katherine Salas,katherine-salas-0213@northstar-consulting.com,active,2023-04-13,Consultant,Consultant,loc-nyc,America/New_York,en,38,full_time,True,False,hybrid,
person-0214,Julie Alexander,julie-alexander-0214@northstar-consulting.com,active,2024-09-30,Consultant,Consultant,loc-nyc,America/New_York,en,20,full_time,True,True,office,
person-0215,Anthony Everett,anthony-everett-0215@northstar-consulting.com,active,2025-03-03,Consultant,Consultant,loc-nyc,America/New_York,en,15,full_time,False,False,office,
person-0216,Rodney Morales,rodney-morales-0216@northstar-consulting.com,active,2024-04-06,Consultant,Consultant,loc-fra,Europe/Berlin,en,26,full_time,True,True,remote,
person-0217,Mark Brown,mark-brown-0217@northstar-consulting.com,active,2022-06-28,Consultant,Consultant,loc-dub,Asia/Dubai,en,47,full_time,True,True,remote,
person-0218,Justin Torres,justin-torres-0218@northstar-consulting.com,active,2025-02-14,Consultant,Consultant,loc-van,America/Vancouver,en,15,full_time,True,True,hybrid,
person-0219,Bailey Duran DDS,bailey-duran-dds-0219@northstar-consulting.com,active,2022-06-05,Consultant,Consultant,loc-nyc,America/New_York,en,48,full_time,True,False,remote,
person-0220,Courtney Mills,courtney-mills-0220@northstar-consulting.com,active,2023-09-19,Consultant,Consultant,loc-van,America/Vancouver,en,32,full_time,True,False,office,
person-0221,Jeremy Dalton,jeremy-dalton-0221@northstar-consulting.com,active,2022-09-22,Consultant,Consultant,loc-dub,Asia/Dubai,en,44,full_time,True,False,hybrid,
person-0222,Elizabeth Oliver DDS,elizabeth-oliver-dds-0222@northstar-consulting.com,active,2025-03-20,Consultant,Consultant,loc-syd,Australia/Sydney,en,14,contractor,False,True,hybrid,
person-0223,Theresa Clark,theresa-clark-0223@northstar-consulting.com,active,2022-04-27,Consultant,Consultant,loc-fra,Europe/Berlin,en,49,full_time,True,True,hybrid,
person-0224,Matthew Moore,matthew-moore-0224@northstar-consulting.com,active,2023-06-30,Consultant,Consultant,loc-dub,Asia/Dubai,en,35,full_time,True,False,remote,
person-0225,Benjamin Smith,benjamin-smith-0225@northstar-consulting.com,active,2025-09-09,Consultant,Consultant,loc-tor,America/Toronto,en,8,full_time,True,True,hybrid,
person-0226,Kirk Carter,kirk-carter-0226@northstar-consulting.com,active,2025-12-28,Consultant,Consultant,loc-lon,Europe/London,en,5,full_time,True,True,remote,
person-0227,Michael Warner,michael-warner-0227@northstar-consulting.com,active,2022-09-25,Consultant,Consultant,loc-syd,Australia/Sydney,en,44,full_time,True,True,hybrid,
person-0228,Michael Bradshaw,michael-bradshaw-0228@northstar-consulting.com,active,2025-11-06,Consultant,Consultant,loc-syd,Australia/Sydney,en,6,full_time,True,False,hybrid,
person-0229,Lori Guerrero,lori-guerrero-0229@northstar-consulting.com,active,2023-12-05,Consultant,Consultant,loc-dub,Asia/Dubai,en,30,full_time,False,True,remote,
person-0230,Jessica Stephens,jessica-stephens-0230@northstar-consulting.com,active,2022-01-13,Consultant,Consultant,loc-fra,Europe/Berlin,en,53,full_time,True,True,remote,
person-0231,Susan Serrano,susan-serrano-0231@northstar-consulting.com,active,2021-10-06,Consultant,Consultant,loc-dub,Asia/Dubai,en,56,full_time,False,True,remote,
person-0232,Christopher Parker,christopher-parker-0232@northstar-consulting.com,active,2025-06-10,Consultant,Consultant,loc-lon,Europe/London,en,11,full_time,True,True,remote,
person-0233,Laura Roberts,laura-roberts-0233@northstar-consulting.com,active,2022-06-18,Consultant,Consultant,loc-fra,Europe/Berlin,en,48,full_time,True,False,remote,
person-0234,Michael Lyons,michael-lyons-0234@northstar-consulting.com,active,2023-08-08,Consultant,Consultant,loc-van,America/Vancouver,en,34,full_time,True,True,hybrid,
person-0235,Kathryn Snyder,kathryn-snyder-0235@northstar-consulting.com,active,2023-06-01,Consultant,Consultant,loc-van,America/Vancouver,en,36,full_time,True,True,office,
person-0236,Andrew Reynolds,andrew-reynolds-0236@northstar-consulting.com,active,2022-02-28,Consultant,Consultant,loc-syd,Australia/Sydney,en,51,full_time,True,False,remote,
person-0237,David Davis,david-davis-0237@northstar-consulting.com,active,2024-12-14,Consultant,Consultant,loc-dub,Asia/Dubai,en,17,full_time,True,True,hybrid,
person-0238,Sara Johnston,sara-johnston-0238@northstar-consulting.com,active,2022-07-17,Consultant,Consultant,loc-sgp,Asia/Singapore,en,47,full_time,True,True,hybrid,
person-0239,Yvonne Chambers,yvonne-chambers-0239@northstar-consulting.com,active,2025-12-25,Consultant,Consultant,loc-fra,Europe/Berlin,en,5,full_time,True,True,remote,
person-0240,Andrew Avila,andrew-avila-0240@northstar-consulting.com,active,2025-10-16,Consultant,Consultant,loc-syd,Australia/Sydney,en,7,full_time,True,True,hybrid,
person-0241,Matthew Moon,matthew-moon-0241@northstar-consulting.com,active,2025-07-31,Consultant,Consultant,loc-fra,Europe/Berlin,en,10,full_time,False,True,remote,
person-0242,Kevin Walters,kevin-walters-0242@northstar-consulting.com,active,2023-06-22,Consultant,Consultant,loc-dub,Asia/Dubai,en,35,contractor,True,False,office,
person-0243,Brandon Bailey MD,brandon-bailey-md-0243@northstar-consulting.com,active,2023-10-29,Consultant,Consultant,loc-tor,America/Toronto,en,31,full_time,True,True,hybrid,
person-0244,Shannon Rivera,shannon-rivera-0244@northstar-consulting.com,active,2023-04-02,Consultant,Consultant,loc-tor,America/Toronto,en,38,full_time,True,True,hybrid,
person-0245,Donna Landry,donna-landry-0245@northstar-consulting.com,active,2023-05-20,Consultant,Consultant,loc-dub,Asia/Dubai,en,36,full_time,True,False,office,
person-0246,Krista Gibson,krista-gibson-0246@northstar-consulting.com,active,2024-12-30,Consultant,Consultant,loc-sgp,Asia/Singapore,en,17,contractor,False,True,office,
person-0247,Frank Cordova,frank-cordova-0247@northstar-consulting.com,active,2024-04-15,Consultant,Consultant,loc-syd,Australia/Sydney,en,25,full_time,True,False,remote,
person-0248,Jose Travis,jose-travis-0248@northstar-consulting.com,active,2021-08-10,Consultant,Consultant,loc-dub,Asia/Dubai,en,58,full_time,True,True,hybrid,
person-0249,Kimberly Gutierrez,kimberly-gutierrez-0249@northstar-consulting.com,active,2024-10-21,Consultant,Consultant,loc-van,America/Vancouver,en,19,full_time,True,True,hybrid,
person-0250,Isaiah Avila,isaiah-avila-0250@northstar-consulting.com,active,2024-05-19,Consultant,Consultant,loc-nyc,America/New_York,en,24,full_time,True,True,remote,
person-0251,Olivia Harris,olivia-harris-0251@northstar-consulting.com,active,2024-03-18,Consultant,Consultant,loc-nyc,America/New_York,en,26,full_time,False,True,hybrid,
person-0252,Tanya Kim,tanya-kim-0252@northstar-consulting.com,active,2024-11-04,Consultant,Consultant,loc-lon,Europe/London,en,19,full_time,False,True,remote,
person-0253,Barbara Dudley,barbara-dudley-0253@northstar-consulting.com,active,2023-12-12,Consultant,Consultant,loc-tor,America/Toronto,en,30,full_time,True,False,office,
person-0254,Cynthia Moore,cynthia-moore-0254@northstar-consulting.com,active,2025-05-23,Consultant,Consultant,loc-syd,Australia/Sydney,en,12,full_time,True,False,remote,
person-0255,Kristen Davis,kristen-davis-0255@northstar-consulting.com,active,2024-04-06,Consultant,Consultant,loc-syd,Australia/Sydney,en,26,full_time,False,True,remote,
person-0256,Susan Murray MD,susan-murray-md-0256@northstar-consulting.com,active,2023-06-09,Consultant,Consultant,loc-van,America/Vancouver,en,36,full_time,True,False,office,
person-0257,Kathleen Moran,kathleen-moran-0257@northstar-consulting.com,active,2021-10-12,Consultant,Consultant,loc-tor,America/Toronto,en,56,full_time,False,True,office,
person-0258,Denise Davenport,denise-davenport-0258@northstar-consulting.com,active,2026-01-11,Consultant,Consultant,loc-fra,Europe/Berlin,en,4,full_time,True,True,remote,
person-0259,Mrs. Kristen Reyes,mrs-kristen-reyes-0259@northstar-consulting.com,active,2025-03-23,Consultant,Consultant,loc-dub,Asia/Dubai,en,14,full_time,True,False,office,
person-0260,Katie Suarez,katie-suarez-0260@northstar-consulting.com,active,2025-09-19,Consultant,Consultant,loc-nyc,America/New_York,en,8,contractor,True,False,remote,
person-0261,Desiree Tyler,desiree-tyler-0261@northstar-consulting.com,active,2023-02-12,Consultant,Consultant,loc-nyc,America/New_York,en,40,full_time,True,True,hybrid,
person-0262,Timothy Romero,timothy-romero-0262@northstar-consulting.com,active,2026-02-26,Consultant,Consultant,loc-sgp,Asia/Singapore,en,3,full_time,True,False,hybrid,
person-0263,Diane Evans,diane-evans-0263@northstar-consulting.com,active,2024-11-09,Consultant,Consultant,loc-sgp,Asia/Singapore,en,18,full_time,True,True,office,
person-0264,Yvonne Burns,yvonne-burns-0264@northstar-consulting.com,active,2025-02-08,Consultant,Consultant,loc-nyc,America/New_York,en,15,full_time,False,True,office,
person-0265,Joshua Reed,joshua-reed-0265@northstar-consulting.com,active,2021-11-13,Consultant,Consultant,loc-van,America/Vancouver,en,55,full_time,True,True,office,
person-0076,Dana Okafor,dana-okafor-0076@northstar-consulting.com,active,2024-12-04,Senior Consultant,Senior Consultant,loc-dub,Asia/Dubai,en,18,full_time,True,True,remote,
person-0077,Megan Young,megan-young-0077@northstar-consulting.com,active,2023-03-16,Senior Consultant,Senior Consultant,loc-syd,Australia/Sydney,en,39,full_time,True,True,hybrid,
person-0078,Steve Sanchez,steve-sanchez-0078@northstar-consulting.com,active,2021-10-09,Senior Consultant,Senior Consultant,loc-lon,Europe/London,en,56,full_time,True,True,remote,
person-0079,Lisa Barnes,lisa-barnes-0079@northstar-consulting.com,active,2023-08-06,Senior Consultant,Senior Consultant,loc-fra,Europe/Berlin,en,34,contractor,True,True,office,
person-0080,Kelly Donovan,kelly-donovan-0080@northstar-consulting.com,active,2021-06-12,Senior Consultant,Senior Consultant,loc-dub,Asia/Dubai,en,60,contractor,True,True,hybrid,
person-0081,Jordan Chen,jordan-chen-0081@northstar-consulting.com,active,2024-02-24,Senior Consultant,Senior Consultant,loc-lon,Europe/London,en,27,full_time,False,False,hybrid,
person-0082,Michael Evans,michael-evans-0082@northstar-consulting.com,active,2026-02-15,Senior Consultant,Senior Consultant,loc-nyc,America/New_York,en,3,full_time,True,True,remote,
person-0083,Paul Jones,paul-jones-0083@northstar-consulting.com,active,2021-11-18,Senior Consultant,Senior Consultant,loc-van,America/Vancouver,en,55,full_time,True,True,remote,
person-0084,Zachary Ferrell,zachary-ferrell-0084@northstar-consulting.com,active,2023-04-01,Senior Consultant,Senior Consultant,loc-fra,Europe/Berlin,en,38,full_time,True,True,hybrid,
person-0085,Daniel Baker,daniel-baker-0085@northstar-consulting.com,active,2022-10-29,Senior Consultant,Senior Consultant,loc-fra,Europe/Berlin,en,43,full_time,True,True,remote,
person-0086,Shirley Suarez,shirley-suarez-0086@northstar-consulting.com,active,2025-01-21,Senior Consultant,Senior Consultant,loc-lon,Europe/London,en,16,full_time,False,True,remote,
person-0087,Christopher Bass,christopher-bass-0087@northstar-consulting.com,active,2026-02-12,Senior Consultant,Senior Consultant,loc-lon,Europe/London,en,3,full_time,True,True,office,
person-0088,Lisa Archer,lisa-archer-0088@northstar-consulting.com,active,2024-01-08,Senior Consultant,Senior Consultant,loc-lon,Europe/London,en,29,full_time,True,True,office,
person-0089,Aimee Montoya,aimee-montoya-0089@northstar-consulting.com,active,2023-02-27,Senior Consultant,Senior Consultant,loc-nyc,America/New_York,en,39,full_time,True,True,office,
person-0090,Matthew Mcmillan,matthew-mcmillan-0090@northstar-consulting.com,active,2025-06-03,Senior Consultant,Senior Consultant,loc-fra,Europe/Berlin,en,12,full_time,True,False,remote,
person-0091,Brian Rodriguez,brian-rodriguez-0091@northstar-consulting.com,active,2025-04-01,Senior Consultant,Senior Consultant,loc-sgp,Asia/Singapore,en,14,full_time,True,False,remote,
person-0092,Denise Jacobs,denise-jacobs-0092@northstar-consulting.com,active,2025-02-13,Senior Consultant,Senior Consultant,loc-fra,Europe/Berlin,en,15,full_time,True,True,hybrid,
person-0093,Christina Walters,christina-walters-0093@northstar-consulting.com,active,2023-11-04,Senior Consultant,Senior Consultant,loc-tor,America/Toronto,en,31,contractor,True,False,office,
person-0094,John Whitehead,john-whitehead-0094@northstar-consulting.com,active,2022-05-26,Senior Consultant,Senior Consultant,loc-fra,Europe/Berlin,en,48,full_time,False,True,office,
person-0095,Raj Mehta,raj-mehta-0095@northstar-consulting.com,active,2023-11-09,Senior Consultant,Senior Consultant,loc-dub,Asia/Dubai,en,31,full_time,True,True,remote,
person-0096,Aaron Wise,aaron-wise-0096@northstar-consulting.com,active,2023-12-10,Senior Consultant,Senior Consultant,loc-sgp,Asia/Singapore,en,30,full_time,True,True,hybrid,
person-0097,Deborah Figueroa,deborah-figueroa-0097@northstar-consulting.com,active,2024-03-08,Senior Consultant,Senior Consultant,loc-van,America/Vancouver,en,27,full_time,True,True,hybrid,
person-0098,Jessica Smith,jessica-smith-0098@northstar-consulting.com,active,2024-10-02,Senior Consultant,Senior Consultant,loc-sgp,Asia/Singapore,en,20,full_time,True,True,remote,
person-0099,Stephen Mckee,stephen-mckee-0099@northstar-consulting.com,active,2025-06-13,Senior Consultant,Senior Consultant,loc-lon,Europe/London,en,11,full_time,True,True,hybrid,
person-0100,Sandra Aguilar,sandra-aguilar-0100@northstar-consulting.com,active,2025-11-09,Senior Consultant,Senior Consultant,loc-dub,Asia/Dubai,en,6,full_time,True,True,remote,
person-0101,Cameron Parker,cameron-parker-0101@northstar-consulting.com,active,2024-01-25,Senior Consultant,Senior Consultant,loc-syd,Australia/Sydney,en,28,full_time,True,False,office,
person-0102,Rebecca Valencia,rebecca-valencia-0102@northstar-consulting.com,active,2025-05-09,Senior Consultant,Senior Consultant,loc-syd,Australia/Sydney,en,12,full_time,True,True,office,
person-0103,Christine Wright,christine-wright-0103@northstar-consulting.com,active,2022-01-30,Senior Consultant,Senior Consultant,loc-syd,Australia/Sydney,en,52,full_time,False,True,remote,
person-0104,Richard Henson,richard-henson-0104@northstar-consulting.com,active,2022-12-18,Senior Consultant,Senior Consultant,loc-dub,Asia/Dubai,en,41,full_time,False,True,hybrid,
person-0105,Marc Moore,marc-moore-0105@northstar-consulting.com,active,2023-01-27,Senior Consultant,Senior Consultant,loc-lon,Europe/London,en,40,full_time,True,True,office,
person-0106,Sharon Cherry,sharon-cherry-0106@northstar-consulting.com,active,2021-09-01,Senior Consultant,Senior Consultant,loc-sgp,Asia/Singapore,en,57,contractor,True,True,remote,
person-0107,Sierra Johnson,sierra-johnson-0107@northstar-consulting.com,active,2021-06-25,Senior Consultant,Senior Consultant,loc-tor,America/Toronto,en,60,full_time,True,True,remote,
person-0108,Evelyn Galvan,evelyn-galvan-0108@northstar-consulting.com,active,2024-02-03,Senior Consultant,Senior Consultant,loc-sgp,Asia/Singapore,en,28,full_time,True,True,office,
person-0109,Sharon Cochran,sharon-cochran-0109@northstar-consulting.com,active,2022-04-01,Senior Consultant,Senior Consultant,loc-nyc,America/New_York,en,50,full_time,False,True,remote,
person-0110,Richard Rodriguez,richard-rodriguez-0110@northstar-consulting.com,active,2024-10-23,Senior Consultant,Senior Consultant,loc-fra,Europe/Berlin,en,19,full_time,True,True,hybrid,
person-0111,Shannon Walker,shannon-walker-0111@northstar-consulting.com,active,2023-01-29,Senior Consultant,Senior Consultant,loc-dub,Asia/Dubai,en,40,full_time,False,True,office,
person-0112,Julia Torres,julia-torres-0112@northstar-consulting.com,active,2025-09-09,Senior Consultant,Senior Consultant,loc-tor,America/Toronto,en,8,full_time,True,True,remote,
person-0113,Crystal Johnson,crystal-johnson-0113@northstar-consulting.com,active,2024-07-04,Senior Consultant,Senior Consultant,loc-nyc,America/New_York,en,23,full_time,True,True,office,
person-0114,Garrett Lin,garrett-lin-0114@northstar-consulting.com,active,2021-08-05,Senior Consultant,Senior Consultant,loc-sgp,Asia/Singapore,en,58,full_time,True,True,hybrid,
person-0115,Diana May,diana-may-0115@northstar-consulting.com,active,2022-11-23,Senior Consultant,Senior Consultant,loc-lon,Europe/London,en,42,full_time,True,True,remote,
person-0116,William Herrera,william-herrera-0116@northstar-consulting.com,active,2024-06-19,Senior Consultant,Senior Consultant,loc-tor,America/Toronto,en,23,full_time,True,True,remote,
person-0117,Ashley Waller,ashley-waller-0117@northstar-consulting.com,active,2022-05-05,Senior Consultant,Senior Consultant,loc-van,America/Vancouver,en,49,full_time,True,False,hybrid,
person-0118,Victor Baker,victor-baker-0118@northstar-consulting.com,active,2024-01-15,Senior Consultant,Senior Consultant,loc-tor,America/Toronto,en,28,full_time,True,False,office,
person-0119,Jeffrey Chandler,jeffrey-chandler-0119@northstar-consulting.com,active,2023-11-13,Senior Consultant,Senior Consultant,loc-dub,Asia/Dubai,en,30,full_time,True,True,hybrid,
person-0120,Larry Dixon,larry-dixon-0120@northstar-consulting.com,active,2021-07-22,Senior Consultant,Senior Consultant,loc-sgp,Asia/Singapore,en,59,full_time,False,False,office,
person-0121,Kenneth Scott,kenneth-scott-0121@northstar-consulting.com,active,2025-09-13,Senior Consultant,Senior Consultant,loc-van,America/Vancouver,en,8,full_time,True,True,remote,
person-0122,April Frost,april-frost-0122@northstar-consulting.com,active,2022-12-21,Senior Consultant,Senior Consultant,loc-dub,Asia/Dubai,en,41,full_time,True,True,hybrid,
person-0123,Michelle Harmon,michelle-harmon-0123@northstar-consulting.com,active,2023-05-13,Senior Consultant,Senior Consultant,loc-dub,Asia/Dubai,en,37,full_time,True,True,remote,
person-0124,Helen Jones,helen-jones-0124@northstar-consulting.com,active,2025-04-20,Senior Consultant,Senior Consultant,loc-fra,Europe/Berlin,en,13,full_time,True,True,office,
person-0125,Erin Edwards,erin-edwards-0125@northstar-consulting.com,active,2021-11-27,Senior Consultant,Senior Consultant,loc-dub,Asia/Dubai,en,54,full_time,True,False,hybrid,
person-0126,Michelle Evans,michelle-evans-0126@northstar-consulting.com,active,2025-02-05,Senior Consultant,Senior Consultant,loc-van,America/Vancouver,en,15,full_time,True,True,office,
person-0127,Jason Powell,jason-powell-0127@northstar-consulting.com,active,2024-12-01,Senior Consultant,Senior Consultant,loc-dub,Asia/Dubai,en,18,full_time,True,True,remote,
person-0128,Cameron Fisher,cameron-fisher-0128@northstar-consulting.com,active,2025-04-30,Senior Consultant,Senior Consultant,loc-dub,Asia/Dubai,en,13,full_time,True,True,remote,
person-0129,Megan Orr,megan-orr-0129@northstar-consulting.com,active,2024-07-02,Senior Consultant,Senior Consultant,loc-sgp,Asia/Singapore,en,23,full_time,True,True,remote,
person-0130,Elizabeth Kelley,elizabeth-kelley-0130@northstar-consulting.com,active,2025-01-16,Senior Consultant,Senior Consultant,loc-tor,America/Toronto,en,16,full_time,True,True,office,
person-0131,Dustin Jordan,dustin-jordan-0131@northstar-consulting.com,active,2026-02-03,Senior Consultant,Senior Consultant,loc-fra,Europe/Berlin,en,3,full_time,True,True,remote,
person-0132,Mary Marshall,mary-marshall-0132@northstar-consulting.com,active,2024-10-09,Senior Consultant,Senior Consultant,loc-lon,Europe/London,en,19,full_time,False,False,hybrid,
person-0133,Daniel Kennedy,daniel-kennedy-0133@northstar-consulting.com,active,2025-10-30,Senior Consultant,Senior Consultant,loc-syd,Australia/Sydney,en,7,full_time,True,True,hybrid,
person-0134,Rebecca Jackson,rebecca-jackson-0134@northstar-consulting.com,active,2022-03-31,Senior Consultant,Senior Consultant,loc-dub,Asia/Dubai,en,50,full_time,True,True,office,
person-0135,Jose Schultz,jose-schultz-0135@northstar-consulting.com,active,2023-03-21,Senior Consultant,Senior Consultant,loc-dub,Asia/Dubai,en,38,full_time,False,True,hybrid,
person-0136,Robert Potter,robert-potter-0136@northstar-consulting.com,active,2021-08-28,Senior Consultant,Senior Consultant,loc-fra,Europe/Berlin,en,57,full_time,True,False,hybrid,
person-0137,Courtney Gonzalez,courtney-gonzalez-0137@northstar-consulting.com,active,2024-03-10,Senior Consultant,Senior Consultant,loc-nyc,America/New_York,en,27,contractor,True,False,hybrid,
person-0138,David Alvarez,david-alvarez-0138@northstar-consulting.com,active,2021-12-21,Senior Consultant,Senior Consultant,loc-dub,Asia/Dubai,en,54,full_time,True,True,hybrid,
person-0139,Angel Perry,angel-perry-0139@northstar-consulting.com,active,2024-01-17,Senior Consultant,Senior Consultant,loc-tor,America/Toronto,en,28,full_time,True,True,hybrid,
person-0140,Cheyenne Horton,cheyenne-horton-0140@northstar-consulting.com,active,2025-03-12,Senior Consultant,Senior Consultant,loc-syd,Australia/Sydney,en,14,full_time,True,True,office,
person-0141,David Douglas Jr.,david-douglas-jr-0141@northstar-consulting.com,active,2024-11-15,Senior Consultant,Senior Consultant,loc-van,America/Vancouver,en,18,full_time,True,False,remote,
person-0142,Patricia Rodriguez,patricia-rodriguez-0142@northstar-consulting.com,active,2021-12-18,Senior Consultant,Senior Consultant,loc-fra,Europe/Berlin,en,54,full_time,True,True,remote,
person-0143,Christopher Rubio,christopher-rubio-0143@northstar-consulting.com,active,2021-09-02,Senior Consultant,Senior Consultant,loc-van,America/Vancouver,en,57,full_time,True,True,hybrid,
person-0144,Amber Wright,amber-wright-0144@northstar-consulting.com,active,2024-05-22,Senior Consultant,Senior Consultant,loc-lon,Europe/London,en,24,full_time,True,True,remote,
person-0145,Joyce Solis,joyce-solis-0145@northstar-consulting.com,active,2024-11-20,Senior Consultant,Senior Consultant,loc-fra,Europe/Berlin,en,18,full_time,True,True,remote,
person-0146,Victoria Larson,victoria-larson-0146@northstar-consulting.com,active,2023-12-28,Senior Consultant,Senior Consultant,loc-sgp,Asia/Singapore,en,29,full_time,True,False,hybrid,
person-0147,Stephanie Salazar,stephanie-salazar-0147@northstar-consulting.com,active,2021-10-29,Senior Consultant,Senior Consultant,loc-nyc,America/New_York,en,55,full_time,True,True,office,
person-0148,Kathy Rivas,kathy-rivas-0148@northstar-consulting.com,active,2023-12-22,Senior Consultant,Senior Consultant,loc-sgp,Asia/Singapore,en,29,full_time,True,True,hybrid,
person-0149,Stephanie Manning,stephanie-manning-0149@northstar-consulting.com,active,2023-07-21,Senior Consultant,Senior Consultant,loc-lon,Europe/London,en,34,full_time,True,False,hybrid,
person-0150,David Wright,david-wright-0150@northstar-consulting.com,active,2022-12-14,Senior Consultant,Senior Consultant,loc-fra,Europe/Berlin,en,42,full_time,False,True,remote,
person-0151,Pamela Boyd,pamela-boyd-0151@northstar-consulting.com,active,2026-01-30,Senior Consultant,Senior Consultant,loc-dub,Asia/Dubai,en,4,contractor,True,True,office,
person-0152,Denise Jones,denise-jones-0152@northstar-consulting.com,active,2024-12-24,Senior Consultant,Senior Consultant,loc-lon,Europe/London,en,17,full_time,True,True,office,
person-0153,Devon Flores,devon-flores-0153@northstar-consulting.com,active,2024-12-06,Senior Consultant,Senior Consultant,loc-tor,America/Toronto,en,18,full_time,True,True,office,
person-0154,Brenda Hall,brenda-hall-0154@northstar-consulting.com,active,2021-12-01,Senior Consultant,Senior Consultant,loc-nyc,America/New_York,en,54,contractor,True,True,remote,
person-0155,Michelle Brown,michelle-brown-0155@northstar-consulting.com,active,2024-05-22,Senior Consultant,Senior Consultant,loc-syd,Australia/Sydney,en,24,full_time,True,True,hybrid,
person-0036,Sherri Baker,sherri-baker-0036@northstar-consulting.com,active,2025-04-26,Manager,Manager,loc-fra,Europe/Berlin,en,13,contractor,False,True,office,
person-0037,Cassandra Gaines,cassandra-gaines-0037@northstar-consulting.com,active,2022-06-23,Manager,Manager,loc-nyc,America/New_York,en,47,full_time,False,True,office,
person-0038,Elizabeth Fowler,elizabeth-fowler-0038@northstar-consulting.com,active,2021-09-25,Manager,Manager,loc-syd,Australia/Sydney,en,56,full_time,True,False,office,
person-0039,Brittany Farmer,brittany-farmer-0039@northstar-consulting.com,active,2024-04-05,Manager,Manager,loc-van,America/Vancouver,en,26,full_time,True,True,office,
person-0040,Paula Moreno,paula-moreno-0040@northstar-consulting.com,active,2022-01-31,Manager,Manager,loc-fra,Europe/Berlin,en,52,contractor,True,True,remote,
person-0041,Fred Smith,fred-smith-0041@northstar-consulting.com,active,2023-10-06,Manager,Manager,loc-tor,America/Toronto,en,32,full_time,True,True,hybrid,
person-0042,Ben Okonkwo,ben-okonkwo-0042@northstar-consulting.com,active,2022-10-01,Manager,Manager,loc-syd,Australia/Sydney,en,44,full_time,True,True,hybrid,
person-0043,Anthony Humphrey,anthony-humphrey-0043@northstar-consulting.com,active,2021-06-19,Manager,Manager,loc-tor,America/Toronto,en,60,full_time,False,False,remote,
person-0044,Angelica Tucker,angelica-tucker-0044@northstar-consulting.com,active,2024-04-01,Manager,Manager,loc-lon,Europe/London,en,26,full_time,False,False,remote,
person-0045,Philip Cannon,philip-cannon-0045@northstar-consulting.com,active,2022-04-19,Manager,Manager,loc-sgp,Asia/Singapore,en,50,full_time,True,True,office,
person-0046,John Pierce,john-pierce-0046@northstar-consulting.com,active,2025-02-26,Manager,Manager,loc-van,America/Vancouver,en,15,full_time,True,True,remote,
person-0047,Shane Henderson,shane-henderson-0047@northstar-consulting.com,active,2022-01-05,Manager,Manager,loc-tor,America/Toronto,en,53,full_time,True,True,remote,
person-0048,Joshua Blair,joshua-blair-0048@northstar-consulting.com,active,2025-04-07,Manager,Manager,loc-lon,Europe/London,en,13,full_time,True,True,remote,
person-0049,Eric Carney,eric-carney-0049@northstar-consulting.com,active,2026-01-23,Manager,Manager,loc-fra,Europe/Berlin,en,4,full_time,True,True,office,
person-0050,Jessica Holmes,jessica-holmes-0050@northstar-consulting.com,active,2025-07-27,Manager,Manager,loc-nyc,America/New_York,en,10,full_time,True,True,remote,
person-0051,Danny Morgan,danny-morgan-0051@northstar-consulting.com,active,2024-06-21,Manager,Manager,loc-nyc,America/New_York,en,23,full_time,True,True,hybrid,
person-0052,Crystal Robinson,crystal-robinson-0052@northstar-consulting.com,active,2023-02-21,Manager,Manager,loc-van,America/Vancouver,en,39,full_time,False,False,remote,
person-0053,Mark Perez,mark-perez-0053@northstar-consulting.com,active,2025-03-27,Manager,Manager,loc-lon,Europe/London,en,14,full_time,True,True,hybrid,
person-0054,Shannon Jones,shannon-jones-0054@northstar-consulting.com,active,2022-09-27,Manager,Manager,loc-nyc,America/New_York,en,44,full_time,False,False,hybrid,
person-0055,Michael Lewis,michael-lewis-0055@northstar-consulting.com,active,2025-07-17,Manager,Manager,loc-nyc,America/New_York,en,10,contractor,True,True,office,
person-0056,Timothy Duncan,timothy-duncan-0056@northstar-consulting.com,active,2022-04-22,Manager,Manager,loc-sgp,Asia/Singapore,en,49,full_time,True,False,hybrid,
person-0057,Richard Aguirre,richard-aguirre-0057@northstar-consulting.com,active,2025-12-28,Manager,Manager,loc-lon,Europe/London,en,5,contractor,True,False,remote,
person-0058,Brent Jordan,brent-jordan-0058@northstar-consulting.com,active,2025-02-10,Manager,Manager,loc-van,America/Vancouver,en,15,full_time,True,False,hybrid,
person-0059,John Daniel,john-daniel-0059@northstar-consulting.com,active,2025-03-22,Manager,Manager,loc-fra,Europe/Berlin,en,14,contractor,True,False,remote,
person-0060,Victoria Garcia,victoria-garcia-0060@northstar-consulting.com,active,2024-09-01,Manager,Manager,loc-nyc,America/New_York,en,21,contractor,True,True,hybrid,
person-0061,Gerald Hensley,gerald-hensley-0061@northstar-consulting.com,active,2023-11-10,Manager,Manager,loc-syd,Australia/Sydney,en,31,full_time,True,True,office,
person-0062,Connor West,connor-west-0062@northstar-consulting.com,active,2021-08-29,Manager,Manager,loc-sgp,Asia/Singapore,en,57,full_time,True,False,office,
person-0063,Donald Wright,donald-wright-0063@northstar-consulting.com,active,2023-10-31,Manager,Manager,loc-syd,Australia/Sydney,en,31,full_time,True,True,hybrid,
person-0064,Jessica Callahan,jessica-callahan-0064@northstar-consulting.com,active,2024-04-03,Manager,Manager,loc-sgp,Asia/Singapore,en,26,full_time,True,True,hybrid,
person-0065,Amber Kidd,amber-kidd-0065@northstar-consulting.com,active,2022-06-27,Manager,Manager,loc-nyc,America/New_York,en,47,full_time,False,True,remote,
person-0066,Tracy House,tracy-house-0066@northstar-consulting.com,active,2023-09-09,Manager,Manager,loc-sgp,Asia/Singapore,en,33,full_time,True,True,hybrid,
person-0067,Carol Tucker,carol-tucker-0067@northstar-consulting.com,active,2024-01-08,Manager,Manager,loc-syd,Australia/Sydney,en,29,full_time,True,True,office,
person-0068,James Brown,james-brown-0068@northstar-consulting.com,active,2023-01-02,Manager,Manager,loc-tor,America/Toronto,en,41,full_time,True,True,remote,
person-0069,William Baker,william-baker-0069@northstar-consulting.com,active,2025-12-07,Manager,Manager,loc-lon,Europe/London,en,5,full_time,True,True,hybrid,
person-0070,Jordan Henderson,jordan-henderson-0070@northstar-consulting.com,active,2023-12-19,Manager,Manager,loc-tor,America/Toronto,en,29,full_time,True,True,office,
person-0071,Whitney Peters,whitney-peters-0071@northstar-consulting.com,active,2023-08-27,Manager,Manager,loc-dub,Asia/Dubai,en,33,full_time,True,True,remote,
person-0072,Brittney Phillips,brittney-phillips-0072@northstar-consulting.com,active,2022-05-26,Manager,Manager,loc-lon,Europe/London,en,48,full_time,True,True,office,
person-0073,Lauren Daniels,lauren-daniels-0073@northstar-consulting.com,active,2023-12-21,Manager,Manager,loc-tor,America/Toronto,en,29,full_time,True,True,office,
person-0074,Amy Silva,amy-silva-0074@northstar-consulting.com,active,2025-08-24,Manager,Manager,loc-syd,Australia/Sydney,en,9,full_time,True,True,office,
person-0075,Sarah Moore,sarah-moore-0075@northstar-consulting.com,active,2022-04-21,Manager,Manager,loc-dub,Asia/Dubai,en,50,full_time,True,True,remote,
person-0016,Holly Wood,holly-wood-0016@northstar-consulting.com,active,2022-04-09,Senior Manager,Senior Manager,loc-tor,America/Toronto,en,50,full_time,True,True,remote,
person-0017,Derek Zuniga,derek-zuniga-0017@northstar-consulting.com,active,2024-10-02,Senior Manager,Senior Manager,loc-fra,Europe/Berlin,en,20,contractor,True,False,remote,
person-0018,Lisa Jackson,lisa-jackson-0018@northstar-consulting.com,active,2025-09-21,Senior Manager,Senior Manager,loc-sgp,Asia/Singapore,en,8,full_time,True,True,hybrid,
person-0019,Carla Gray,carla-gray-0019@northstar-consulting.com,active,2024-03-21,Senior Manager,Senior Manager,loc-sgp,Asia/Singapore,en,26,full_time,True,True,office,
person-0020,Margaret Hawkins DDS,margaret-hawkins-dds-0020@northstar-consulting.com,active,2022-04-09,Senior Manager,Senior Manager,loc-lon,Europe/London,en,50,full_time,True,False,office,
person-0021,Patty Perez,patty-perez-0021@northstar-consulting.com,active,2024-02-25,Senior Manager,Senior Manager,loc-syd,Australia/Sydney,en,27,full_time,False,False,hybrid,
person-0022,Ethan Adams,ethan-adams-0022@northstar-consulting.com,active,2022-10-06,Senior Manager,Senior Manager,loc-van,America/Vancouver,en,44,full_time,False,True,hybrid,
person-0023,Tommy Walter,tommy-walter-0023@northstar-consulting.com,active,2022-02-17,Senior Manager,Senior Manager,loc-nyc,America/New_York,en,52,full_time,False,True,office,
person-0024,Matthew Foster,matthew-foster-0024@northstar-consulting.com,active,2022-08-07,Senior Manager,Senior Manager,loc-fra,Europe/Berlin,en,46,contractor,True,True,office,
person-0025,Judy Baker,judy-baker-0025@northstar-consulting.com,active,2025-03-06,Senior Manager,Senior Manager,loc-fra,Europe/Berlin,en,15,full_time,True,True,remote,
person-0026,Justin Baker,justin-baker-0026@northstar-consulting.com,active,2021-10-09,Senior Manager,Senior Manager,loc-lon,Europe/London,en,56,full_time,True,True,remote,
person-0027,Stephanie Ross,stephanie-ross-0027@northstar-consulting.com,active,2025-05-19,Senior Manager,Senior Manager,loc-tor,America/Toronto,en,12,full_time,True,False,hybrid,
person-0028,Zachary Hicks,zachary-hicks-0028@northstar-consulting.com,active,2022-12-22,Senior Manager,Senior Manager,loc-lon,Europe/London,en,41,full_time,True,True,office,
person-0029,Anthony Rodriguez,anthony-rodriguez-0029@northstar-consulting.com,active,2022-10-10,Senior Manager,Senior Manager,loc-dub,Asia/Dubai,en,44,full_time,True,True,remote,
person-0030,Rebecca Henderson,rebecca-henderson-0030@northstar-consulting.com,active,2023-10-15,Senior Manager,Senior Manager,loc-syd,Australia/Sydney,en,31,full_time,False,True,office,
person-0031,James Ferrell,james-ferrell-0031@northstar-consulting.com,active,2023-09-02,Senior Manager,Senior Manager,loc-van,America/Vancouver,en,33,full_time,True,True,remote,
person-0032,Tricia Valencia,tricia-valencia-0032@northstar-consulting.com,active,2022-03-14,Senior Manager,Senior Manager,loc-dub,Asia/Dubai,en,51,full_time,True,True,remote,
person-0033,Nathan Maldonado,nathan-maldonado-0033@northstar-consulting.com,active,2021-09-11,Senior Manager,Senior Manager,loc-tor,America/Toronto,en,57,full_time,True,True,remote,
person-0034,Debra Davidson,debra-davidson-0034@northstar-consulting.com,active,2023-09-10,Senior Manager,Senior Manager,loc-nyc,America/New_York,en,33,full_time,True,True,remote,
person-0035,Jeffrey Chavez,jeffrey-chavez-0035@northstar-consulting.com,active,2021-06-04,Senior Manager,Senior Manager,loc-fra,Europe/Berlin,en,60,contractor,True,True,hybrid,
person-0006,Abigail Shaffer,abigail-shaffer-0006@northstar-consulting.com,active,2023-07-15,Director,Director,loc-tor,America/Toronto,en,35,full_time,True,True,hybrid,
person-0007,Gina Moore,gina-moore-0007@northstar-consulting.com,active,2025-05-12,Director,Director,loc-lon,Europe/London,en,12,full_time,True,True,remote,
person-0008,Gabrielle Davis,gabrielle-davis-0008@northstar-consulting.com,active,2023-07-18,Director,Director,loc-tor,America/Toronto,en,34,full_time,True,True,hybrid,
person-0009,Ryan Munoz,ryan-munoz-0009@northstar-consulting.com,active,2025-03-03,Director,Director,loc-lon,Europe/London,en,15,full_time,False,True,office,
person-0010,Monica Herrera,monica-herrera-0010@northstar-consulting.com,active,2022-04-30,Director,Director,loc-lon,Europe/London,en,49,full_time,True,False,office,
person-0011,Jamie Arnold,jamie-arnold-0011@northstar-consulting.com,active,2025-04-02,Director,Director,loc-lon,Europe/London,en,14,full_time,True,True,remote,
person-0012,Lena Hofer,lena-hofer-0012@northstar-consulting.com,active,2022-11-30,Director,Director,loc-fra,Europe/Berlin,en,42,full_time,False,True,office,
person-0013,Michele Williams,michele-williams-0013@northstar-consulting.com,active,2025-02-01,Director,Director,loc-lon,Europe/London,en,16,full_time,False,True,remote,
person-0014,Dylan Miller,dylan-miller-0014@northstar-consulting.com,active,2022-10-18,Director,Director,loc-nyc,America/New_York,en,44,full_time,True,True,hybrid,
person-0015,Brian Ramirez,brian-ramirez-0015@northstar-consulting.com,active,2023-06-11,Director,Director,loc-fra,Europe/Berlin,en,36,full_time,False,True,remote,
person-0001,Noah Rhodes,noah-rhodes-0001@northstar-consulting.com,active,2024-09-21,Partner,Partner,loc-tor,America/Toronto,en,20,full_time,True,True,office,
person-0002,Sarah Chen,sarah-chen-0002@northstar-consulting.com,active,2024-07-23,Partner,Partner,loc-van,America/Vancouver,en,22,full_time,True,True,remote,
person-0003,Daniel Wagner,daniel-wagner-0003@northstar-consulting.com,active,2024-09-18,Partner,Partner,loc-dub,Asia/Dubai,en,20,full_time,False,True,remote,
person-0004,Cristian Santos,cristian-santos-0004@northstar-consulting.com,active,2023-04-27,Partner,Partner,loc-fra,Europe/Berlin,en,37,full_time,True,True,remote,
person-0005,Connie Lawrence,connie-lawrence-0005@northstar-consulting.com,active,2023-07-18,Partner,Partner,loc-tor,America/Toronto,en,34,full_time,True,True,remote,
person-0000,Allison Hill,allison-hill-0000@northstar-consulting.com,active,2021-07-21,Managing Partner,Managing Partner,loc-tor,America/Toronto,en,59,full_time,True,True,remote,
person-0370,Marcus Lee,marcus-lee-0370@northstar-consulting.com,onboarding,2026-05-16,Consultant,Consultant,loc-tor,America/Toronto,en,0,full_time,True,True,remote,
person-0371,Priya Nair,priya-nair-0371@northstar-consulting.com,onboarding,2026-05-16,Senior Consultant,Senior Consultant,loc-van,America/Vancouver,en,0,full_time,False,True,hybrid,
person-0372,Ellen Morgan,ellen-morgan-0372@northstar-consulting.com,onboarding,2026-05-16,Consultant,Consultant,loc-van,America/Vancouver,en,0,full_time,True,True,remote,
person-0373,Aisha Rahman,aisha-rahman-0373@northstar-consulting.com,onboarding,2026-05-16,Analyst,Analyst,loc-lon,Europe/London,en,0,full_time,True,True,remote,
person-0374,Charles Schultz,charles-schultz-0374@northstar-consulting.com,onboarding,2026-05-16,Analyst,Analyst,loc-syd,Australia/Sydney,en,0,full_time,True,True,office,
person-0375,Paul Lewis,paul-lewis-0375@northstar-consulting.com,onboarding,2026-05-16,Analyst,Analyst,loc-van,America/Vancouver,en,0,full_time,True,True,remote,
person-0376,Glen Wood,glen-wood-0376@northstar-consulting.com,onboarding,2026-05-16,Consultant,Consultant,loc-syd,Australia/Sydney,en,0,full_time,True,True,office,
person-0377,Paula Bradley,paula-bradley-0377@northstar-consulting.com,onboarding,2026-05-16,Analyst,Analyst,loc-van,America/Vancouver,en,0,full_time,True,True,hybrid,
person-0378,Anthony Moore,anthony-moore-0378@northstar-consulting.com,onboarding,2026-05-16,Analyst,Analyst,loc-syd,Australia/Sydney,en,0,full_time,True,True,remote,
person-0379,Megan Nelson,megan-nelson-0379@northstar-consulting.com,onboarding,2026-05-16,Consultant,Consultant,loc-sgp,Asia/Singapore,en,0,full_time,True,True,remote,
person-0380,Karla Ramos,karla-ramos-0380@northstar-consulting.com,onboarding,2026-05-16,Consultant,Consultant,loc-lon,Europe/London,en,0,full_time,True,True,office,
person-0381,Paul Wilson,paul-wilson-0381@northstar-consulting.com,onboarding,2026-05-16,Consultant,Consultant,loc-dub,Asia/Dubai,en,0,full_time,True,True,hybrid,
person-0382,Douglas Gregory,douglas-gregory-0382@northstar-consulting.com,onboarding,2026-05-16,Consultant,Consultant,loc-nyc,America/New_York,en,0,full_time,True,True,hybrid,
person-0383,Mr. Andrew Foster,mr-andrew-foster-0383@northstar-consulting.com,onboarding,2026-05-16,Consultant,Consultant,loc-van,America/Vancouver,en,0,full_time,True,True,hybrid,
person-0384,Aimee Turner,aimee-turner-0384@northstar-consulting.com,onboarding,2026-05-16,Consultant,Consultant,loc-sgp,Asia/Singapore,en,0,full_time,True,True,office,
person-0385,Chad Scott,chad-scott-0385@northstar-consulting.com,onboarding,2026-05-16,Analyst,Analyst,loc-sgp,Asia/Singapore,en,0,full_time,True,True,remote,
person-0386,Adam Burgess,adam-burgess-0386@northstar-consulting.com,onboarding,2026-05-16,Consultant,Consultant,loc-syd,Australia/Sydney,en,0,full_time,True,True,office,
person-0387,James Padilla,james-padilla-0387@northstar-consulting.com,onboarding,2026-05-16,Consultant,Consultant,loc-nyc,America/New_York,en,0,contractor,True,True,office,
person-0388,Sandra Drake,sandra-drake-0388@northstar-consulting.com,onboarding,2026-05-16,Consultant,Consultant,loc-dub,Asia/Dubai,en,0,full_time,True,True,remote,
person-0389,Scott Williams,scott-williams-0389@northstar-consulting.com,onboarding,2026-05-16,Analyst,Analyst,loc-dub,Asia/Dubai,en,0,contractor,True,True,hybrid,
person-0390,Thomas Atkins,thomas-atkins-0390@northstar-consulting.com,pre_start,2026-06-01,Consultant,Consultant,loc-lon,Europe/London,en,0,full_time,True,True,remote,
person-0391,Laura Mckinney,laura-mckinney-0391@northstar-consulting.com,pre_start,2026-06-01,Consultant,Consultant,loc-fra,Europe/Berlin,en,0,full_time,True,False,hybrid,
person-0392,Brian Smith,brian-smith-0392@northstar-consulting.com,pre_start,2026-06-01,Consultant,Consultant,loc-sgp,Asia/Singapore,en,0,full_time,True,True,remote,
person-0393,Robert Montgomery,robert-montgomery-0393@northstar-consulting.com,pre_start,2026-06-01,Consultant,Consultant,loc-sgp,Asia/Singapore,en,0,contractor,True,True,office,
person-0394,Tamara Davis,tamara-davis-0394@northstar-consulting.com,pre_start,2026-06-01,Consultant,Consultant,loc-tor,America/Toronto,en,0,full_time,True,True,hybrid,
person-0395,Dana Chapman,dana-chapman-0395@northstar-consulting.com,pre_start,2026-06-01,Consultant,Consultant,loc-tor,America/Toronto,en,0,full_time,True,True,remote,
person-0396,Jennifer Collins,jennifer-collins-0396@northstar-consulting.com,pre_start,2026-06-01,Consultant,Consultant,loc-syd,Australia/Sydney,en,0,full_time,True,False,remote,
person-0397,Gary Jackson,gary-jackson-0397@northstar-consulting.com,pre_start,2026-06-01,Analyst,Analyst,loc-dub,Asia/Dubai,en,0,full_time,True,True,hybrid,
person-0398,Ashley Hicks,ashley-hicks-0398@northstar-consulting.com,pre_start,2026-06-01,Consultant,Consultant,loc-tor,America/Toronto,en,0,full_time,True,True,remote,
person-0399,Hannah Luna,hannah-luna-0399@northstar-consulting.com,pre_start,2026-06-01,Analyst,Analyst,loc-lon,Europe/London,en,0,full_time,True,True,remote,
